domain,country
saintmlc.com,United States
neutresalon.com,United States
cabwhp.org,United States
kiddsmith.com,United States
atlanticbeach-nc.com,United States
seedsourceag.com,United States
fcllp.com,United States
stmatthewmedina.org,United States
embcmonroe.org,France
umbrawindowtinting.com,United States
allenvillagejewelers.com,United States
dillonmusic.com,United States
billproctorandassociates.com,United States
howardinsuranceinc.com,United States
habeggercorp.com,United States
roensalvage.com,United States
www.virginiaheadwaters.org,United States
unitedairconditioning.com,United States
hscpoly.com,United States
mid-america.com,United States
fresnogreekfest.com,United States
selnertreeshrubcare.com,中国
heidimitchellgolf.com,United States
chcseia.com,United States
teamsunbuilders.com,United States
gipreit.com,United States
royersford.com,United States
enidmad.org,United States
thecharlescompany.com,United States
www.daslawgroup.com,United States
aaronsantosdentistry.com,United States
athensgop.com,United States
jonesmachine.com,United States
stmindustries.com,United States
andersrice.com,United States
crossroadsretreat.org,United States
youthchallengesports.com,United States
grablerealestate.com,United States
westcoastseafood.com,United States
lnrothberg.com,United States
christsmission.org,United States
postermuseum.com,United States
corpimprints.com,United States
kaleabay.com,United States
dynamichealthcarolinas.com,United States
airspaceconsulting.com,United States
ncc.us,United States
casaallegra.org,United States
tripeek.com,New Zealand / Aotearoa
sterlingridingacademy.com,United States
tristatecontainer.com,United States
adgcreative.net,United States
bestnapleshomesearch.com,United States
bayareaturf.net,United States
treehill.org,United States
platformq.com,Australia
crownpaintinginc.com,United States
naceyes.com,United States
wisr.edu,United States
cbssquaredinc.com,Canada
masterrenovationsinc.com,United States
stgcom.com,United States
mattressplus.tv,United States
inetmotors.com,United States
perryridgelandfill.com,United States
boccarossainsurance.com,United States
thesophiacenterforspirituality.org,United States
urbanacres.com,United States
merrickgroupinc.com,United States
dmaa.net,United Kingdom
cincinnatifleetcare.com,United States
lombardglobal.com,United States
ossininglibrary.org,United States
violenceinterventionprogram.org,United States
abmechanical.com,United States
creative-earthscapes.com,Canada
sacredspacemiami.com,United States
jonesgrove.com,United States
johanningsinc.com,United States
truesmilesmiami.com,United States
centerlinelogistics.com,United States
pswrehab.com,United States
betterratemortgage.com,United States
classicgardens.com,United States
dreng.com,United States
lamprinostv.com,United States
whitehallcamp.org,United States
uniquelibrary.com,United States
poulsbofamilydentistry.com,United States
mulchandsod.com,United States
bcpas.com,United States
smokyhillmuseum.org,United States
airstreamlosangeles.com,United States
safebasementsinc.com,Australia
campwalden-ny.com,United States
cjmcbride.org,United States
sardisbaptist.com,United States
marysvillelib.org,United States
tellusoperating.com,United States
pchandy.net,United States
abc-assembly.com,United States
erling.com,United States
frclothingandsupply.com,United States
reshapelifesciences.com,United States
trinityairmedical.com,United States
terraliftinternational.com,New Zealand / Aotearoa
kleinwoodvision.com,United States
paisansrest.com,Canada
sprucemountaininn.com,United States
newportbutane.com,United States
quantumhelicopters.com,United States
yanceyworks.com,United States
premierdentalcareofbuckhead.com,United States
fccmwc.org,United States
toplinetireandauto.com,United States
blueoceanvillas.com,United States
elchicanomusic.com,United States
birminghambuilder.com,United States
fantasyphotography.com,United States
tetonthaivillage.com,United States
santaclarajumpers.com,United States
moline.com,United States
coregearusa.com,United States
meditatingentrepreneur.com,United States
folsomshope.org,United States
weberortho.com,United States
demaeng.com,United States
coxreels.com,United States
lchealth.org,United States
canceriq.com,Canada
parkwaytoyota.com,New Zealand / Aotearoa
teladata.com,United States
bootleggerlasvegas.com,United States
wheelalignmenttorrance.com,United States
stonearchcapital.com,United States
gokeyless.com,United States
tcors.com,United Kingdom
usmrc.org,United States
henges.com,United States
vbclink.com,United States
turntablelab.com,United States
barefootinternational.com,United States
switcheyecenter.com,United States
www.thekoisushi.com,United States
crossfitrockland.com,United States
armstrongambulance.com,United States
shadowhills.org,United States
airservicesco.com,United States
billingssecuritycameras.com,United States
pusd.us,United States
outoftownclothing.com,United States
heritagelifestyledoors.com,United States
photoartsmarin.com,Canada
greatstatetransmissions.com,United States
hvac-tech.com,United States
nationalforests.org,United States
wtxfoodbank.org,United States
parry-insurance.com,United States
camphillvillage.org,United States
vermes.com,United States
zahlungsvereinbarung.com,United States
bosch.ventures,中国
themartialartscentre.com,United States
snaresbrookprep.org,United Kingdom
ebrattridge.com,United States
carteraccountants.co.uk,United Kingdom
mathews.co.uk,United Kingdom
ratio.co.uk,United Kingdom
tokyoto-luggage.com,United States
stationcars.co.uk,United Kingdom
standardgroup.co.uk,United Kingdom
malonesedinburgh.com,United Kingdom
thompsonbrothers.net,United Kingdom
purplefizz.co.uk,United States
pinehills.com,United Kingdom
andersonhoare.co.uk,United Kingdom
imajica.com,United Kingdom
londoncouncils.gov.uk,United Kingdom
worldoffootball.com,United Kingdom
walternewbury.co.uk,United Kingdom
balconyshirts.co.uk,Australia
mse-uk.com,United Kingdom
millsselig.com,Canada
dizzysquirrel.com,United Kingdom
pfsc.co.uk,United Kingdom
epcarlson.co.uk,United States
foamtechniques.co.uk,United Kingdom
shiresequestrian.com,United States
optionschelmsford.com,United Kingdom
wjec.co.uk,United Kingdom
southamptoncruisecentre.com,Canada
montalt.co.uk,United Kingdom
depinna.com,United Kingdom
edch.org.uk,Éire / Ireland
priorandwillisantiques.co.uk,United States
redkitebaby.co.uk,United Kingdom
zumajay.co.uk,United Kingdom
vcut.co.uk,United Kingdom
northernirelandscreen.co.uk,Australia
